"","x"
"1",1145
"2",1153
"3",1158
"4",1148
"5",1157
"6",1150
"7",1151
"8",1155
"9",1149
"10",1144
"11",1152
"12",1734
"13",2775
"14",1732
"15",1731
"16",1146
"17",1159
"18",1739
"19",1188
"20",1196
"21",1195
"22",1184
"23",1193
"24",1187
"25",1186
"26",2280
"27",2278
"28",2282
"29",2279
"30",285
"31",283
"32",284
"33",1846
"34",280
"35",1854
"36",1797
"37",1824
"38",1835
"39",1818
"40",1825
"41",1749
"42",1837
"43",1753
"44",1752
"45",1751
"46",1755
"47",1743
"48",1744
"49",1748
"50",1741
"51",1745
"52",1746
"53",1757
"54",289
"55",1166
"56",1171
"57",1183
"58",1161
"59",1175
"60",291
"61",2882
"62",2793
"63",2892
"64",2815
"65",2891
"66",2902
"67",2859
"68",2901
"69",2872
"70",1167
"71",2835
"72",2803
"73",2894
"74",2871
"75",2852
"76",2810
"77",2861
"78",2842
"79",2840
"80",2828
"81",2829
"82",2911
"83",2836
"84",2814
"85",2878
"86",1163
"87",1177
"88",2862
"89",2834
"90",2848
"91",2833
"92",2822
"93",2845
"94",2837
"95",2850
"96",2849
"97",2843
"98",2881
"99",2908
"100",2896
"101",2905
"102",2916
"103",1883
"104",1871
"105",1926
"106",1928
"107",2886
"108",2909
"109",2915
"110",1893
"111",1877
"112",1945
"113",1884
"114",1904
"115",1950
"116",1864
"117",1915
"118",1902
"119",2893
"120",2870
"121",1922
"122",1898
"123",2826
"124",2890
"125",2874
"126",2832
"127",2904
"128",2918
"129",2873
"130",2805
"131",2898
"132",2858
"133",2887
"134",2907
"135",2813
"136",2807
"137",2823
"138",2856
"139",2790
"140",2851
"141",2841
"142",2844
"143",2806
"144",2827
"145",2855
"146",2889
"147",1935
"148",1897
"149",1857
"150",1924
"151",1888
"152",1873
"153",1929
"154",1895
"155",1947
"156",1891
"157",1948
"158",1907
"159",1954
"160",1952
"161",1910
"162",1887
"163",1923
"164",1908
"165",1881
"166",1872
"167",1925
"168",1863
"169",1896
"170",1930
"171",1889
"172",1920
"173",1949
"174",2799
"175",2857
"176",2811
"177",2801
"178",2818
"179",2885
"180",2788
"181",2847
"182",2792
"183",2802
"184",2796
"185",2900
"186",2791
"187",2884
"188",2899
"189",2864
"190",2795
"191",2996
"192",2831
"193",2994
"194",2917
"195",2794
"196",2914
"197",2897
"198",2865
"199",2825
"200",2853
"201",2868
"202",2987
"203",1170
"204",2997
"205",2236
"206",2989
"207",2983
"208",2240
"209",2273
"210",2963
"211",2212
"212",2214
"213",2973
"214",2050
"215",2024
"216",2059
"217",2087
"218",2253
"219",2230
"220",2235
"221",1801
"222",2271
"223",2220
"224",2247
"225",2013
"226",2052
"227",2037
"228",2076
"229",2085
"230",2019
"231",2043
"232",2088
"233",2039
"234",2016
"235",2993
"236",2984
"237",3010
"238",2065
"239",3006
"240",2995
"241",2070
"242",2069
"243",2067
"244",2093
"245",3012
"246",3011
"247",2976
"248",2062
"249",2014
"250",2036
"251",2985
"252",2964
"253",1023
"254",969
"255",2053
"256",1004
"257",2082
"258",2049
"259",2091
"260",2046
"261",2073
"262",2032
"263",2054
"264",2068
"265",2079
"266",2051
"267",2025
"268",2047
"269",2094
"270",2086
"271",2027
"272",2061
"273",2056
"274",2012
"275",2048
"276",2031
"277",2026
"278",2083
"279",2071
"280",2081
"281",1255
"282",2057
"283",2096
"284",2041
"285",2097
"286",2060
"287",2030
"288",2034
"289",2074
"290",2080
"291",2075
"292",2010
"293",1027
"294",981
"295",991
"296",1047
"297",1042
"298",1062
"299",994
"300",965
"301",1046
"302",1050
"303",1060
"304",1008
"305",1064
"306",1053
"307",1011
"308",1065
"309",1067
"310",1052
"311",1015
"312",962
"313",996
"314",1079
"315",993
"316",1016
"317",1035
"318",999
"319",1061
"320",1059
"321",1028
"322",982
"323",1043
"324",970
"325",1074
"326",1037
"327",1068
"328",964
"329",1044
"330",988
"331",1045
"332",2450
"333",961
"334",990
"335",975
"336",1073
"337",1066
"338",1030
"339",1069
"340",983
"341",2457
"342",2416
"343",2405
"344",2413
"345",2468
"346",2477
"347",2479
"348",2489
"349",2474
"350",2415
"351",2469
"352",2402
"353",2396
"354",2488
"355",2454
"356",2453
"357",2422
"358",42
"359",45
"360",2446
"361",2458
"362",2420
"363",2410
"364",2483
"365",2482
"366",2425
"367",2452
"368",2427
"369",2400
"370",2464
"371",413
"372",419
"373",470
"374",386
"375",416
"376",400
"377",451
"378",427
"379",365
"380",425
"381",391
"382",468
"383",380
"384",406
"385",418
"386",402
"387",480
"388",389
"389",414
"390",396
"391",432
"392",56
"393",61
"394",14
"395",19
"396",11
"397",4
"398",63
"399",32
"400",33
"401",53
"402",46
"403",66
"404",24
"405",1
"406",26
"407",62
"408",9
"409",44
"410",41
"411",499
"412",457
"413",472
"414",488
"415",491
"416",503
"417",443
"418",460
"419",397
"420",469
"421",456
"422",430
"423",464
"424",57
"425",384
"426",510
"427",481
"428",487
"429",493
"430",478
"431",486
"432",476
"433",3
"434",6
"435",51
"436",55
"437",21
"438",43
"439",7
"440",50
"441",18
"442",20
"443",16
"444",31
"445",320
"446",348
"447",27
"448",2
"449",307
"450",337
"451",357
"452",294
"453",298
"454",358
"455",23
"456",34
"457",388
"458",377
"459",407
"460",35
"461",322
"462",483
"463",401
"464",310
"465",329
"466",313
"467",309
"468",356
"469",327
"470",323
"471",423
"472",494
"473",372
"474",450
"475",444
"476",330
"477",353
"478",303
"479",293
"480",354
"481",301
"482",346
"483",308
"484",355
"485",350
"486",339
"487",325
"488",351
"489",319
"490",344
"491",315
"492",340
"493",296
"494",338
"495",321
"496",347
"497",333
"498",341
"499",297
"500",334
"501",335
"502",302
"503",316
"504",312
"505",318
"506",304
"507",326
"508",299
"509",331
"510",349
"511",343
"512",342
"513",317
"514",300
"515",332
"516",345
"517",295
"518",292
"519",328
"520",311
"521",305
"522",324
"523",352
"524",314
"525",408
"526",390
"527",506
"528",360
"529",368
"530",395
"531",393
"532",458
"533",362
"534",459
"535",405
"536",446
"537",404
"538",454
"539",434
"540",474
"541",514
"542",398
"543",500
"544",517
"545",495
"546",435
"547",367
"548",492
"549",511
"550",438
"551",392
"552",361
"553",471
"554",371
"555",509
"556",382
"557",336
"558",306
"559",378
"560",421
"561",453
"562",447
"563",383
"564",373
"565",449
"566",359
"567",490
"568",412
"569",374
"570",379
"571",411
"572",496
"573",461
"574",498
"575",445
"576",403
"577",370
"578",516
"579",501
"580",369
"581",442
"582",363
"583",475
"584",437
"585",376
"586",484
"587",433
"588",465
"589",505
"590",462
"591",424
"592",428
"593",507
"594",420
"595",508
"596",441
"597",439
"598",440
"599",482
"600",409
"601",2309
"602",2289
"603",2292
"604",2300
"605",2297
"606",2307
"607",2285
"608",2287
"609",2320
"610",2291
"611",2288
"612",2284
"613",375
"614",479
"615",394
"616",452
"617",2301
"618",2323
"619",2318
"620",2326
"621",2312
"622",2315
"623",2306
"624",2283
"625",448
"626",515
"627",489
"628",466
"629",387
"630",467
"631",410
"632",455
"633",436
"634",364
"635",417
"636",431
"637",2286
"638",2319
"639",485
"640",426
"641",512
"642",477
"643",2321
"644",1944
"645",2305
"646",2324
"647",1931
"648",1937
"649",2293
"650",1879
"651",1868
"652",1912
"653",1901
"654",1867
"655",1900
"656",1906
"657",1943
"658",1913
"659",497
"660",1878
"661",1894
"662",2399
"663",2447
"664",2467
"665",2456
"666",1876
"667",502
"668",463
"669",513
"670",422
"671",366
"672",473
"673",429
"674",15
"675",8
"676",58
"677",59
"678",37
"679",5
"680",22
"681",52
"682",48
"683",28
"684",36
"685",25
"686",10
"687",415
"688",385
"689",504
"690",399
"691",381
"692",2471
"693",2398
"694",2455
"695",2448
"696",2466
"697",2412
"698",2487
"699",2465
"700",2461
"701",2438
"702",2408
"703",986
"704",2463
"705",2419
"706",2470
"707",2459
"708",2395
"709",2441
"710",2401
"711",1077
"712",1033
"713",1075
"714",1063
"715",960
"716",1003
"717",1009
"718",1021
"719",1049
"720",974
"721",1006
"722",1002
"723",973
"724",1041
"725",1005
"726",1051
"727",1048
"728",1034
"729",989
"730",737
"731",689
"732",726
"733",682
"734",714
"735",677
"736",705
"737",612
"738",740
"739",578
"740",573
"741",582
"742",631
"743",635
"744",571
"745",588
"746",614
"747",618
"748",581
"749",651
"750",615
"751",619
"752",572
"753",648
"754",576
"755",579
"756",601
"757",586
"758",574
"759",641
"760",654
"761",585
"762",745
"763",728
"764",658
"765",657
"766",594
"767",602
"768",589
"769",644
"770",591
"771",596
"772",637
"773",625
"774",605
"775",661
"776",622
"777",587
"778",629
"779",620
"780",621
"781",564
"782",575
"783",656
"784",634
"785",643
"786",1564
"787",603
"788",592
"789",630
"790",645
"791",626
"792",624
"793",590
"794",570
"795",647
"796",636
"797",562
"798",566
"799",646
"800",616
"801",595
"802",811
"803",1472
"804",1548
"805",844
"806",597
"807",655
"808",609
"809",633
"810",663
"811",623
"812",639
"813",593
"814",608
"815",660
"816",577
"817",583
"818",606
"819",580
"820",613
"821",611
"822",567
"823",649
"824",598
"825",642
"826",778
"827",659
"828",569
"829",650
"830",632
"831",662
"832",565
"833",617
"834",610
"835",3043
"836",3065
"837",3054
"838",3059
"839",3073
"840",3049
"841",3044
"842",3018
"843",3058
"844",3021
"845",3033
"846",3080
"847",3027
"848",3081
"849",3041
"850",3078
"851",3067
"852",3036
"853",604
"854",3046
"855",3038
"856",3035
"857",786
"858",804
"859",837
"860",627
"861",784
"862",825
"863",771
"864",808
"865",812
"866",783
"867",765
"868",761
"869",841
"870",819
"871",840
"872",763
"873",849
"874",795
"875",797
"876",793
"877",767
"878",789
"879",821
"880",772
"881",853
"882",1304
"883",1361
"884",1320
"885",1287
"886",1332
"887",1352
"888",1323
"889",1345
"890",1314
"891",1327
"892",1366
"893",1290
"894",1307
"895",1351
"896",1285
"897",1329
"898",1298
"899",1360
"900",1283
"901",1294
"902",1334
"903",1965
"904",2005
"905",2002
"906",1976
"907",1958
"908",1979
"909",2003
"910",1978
"911",1964
"912",1972
"913",1970
"914",2008
"915",1998
"916",1981
"917",2007
"918",1987
"919",1963
"920",1994
"921",1961
"922",1996
"923",2004
"924",1991
"925",1959
"926",1992
"927",1988
"928",2006
"929",1966
"930",1990
"931",1315
"932",1974
"933",1340
"934",1325
"935",1348
"936",1319
"937",1337
"938",1343
"939",1324
"940",1295
"941",1284
"942",1316
"943",1309
"944",1291
"945",1311
"946",1349
"947",1296
"948",1318
"949",1281
"950",1328
"951",1313
"952",1310
"953",1293
"954",1338
"955",1289
"956",3029
"957",3020
"958",3079
"959",3071
"960",3068
"961",3016
"962",3062
"963",1282
"964",1342
"965",1362
"966",3069
"967",3030
"968",3060
"969",3061
"970",1305
"971",1299
"972",1350
"973",1346
"974",1354
"975",1300
"976",1330
"977",1335
"978",1359
"979",3019
"980",3075
"981",3031
"982",3022
"983",3074
"984",3023
"985",3040
"986",3045
"987",1308
"988",1365
"989",1303
"990",800
"991",851
"992",758
"993",3076
"994",3055
"995",3042
"996",3014
"997",3052
"998",3083
"999",3085
"1000",3050
"1001",3063
"1002",3082
"1003",3072
"1004",3048
"1005",3057
"1006",3064
"1007",3015
"1008",3017
"1009",3039
"1010",1224
"1011",1263
"1012",3077
"1013",3047
"1014",3053
"1015",3034
"1016",1233
"1017",3032
"1018",1228
"1019",1239
"1020",1204
"1021",1249
"1022",1219
"1023",3051
"1024",1252
"1025",1199
"1026",1245
"1027",1214
"1028",1246
"1029",1274
"1030",1218
"1031",3028
"1032",3056
"1033",3084
"1034",3037
"1035",3024
"1036",3026
"1037",3070
"1038",3066
"1039",3025
"1040",777
"1041",788
"1042",774
"1043",764
"1044",762
"1045",790
"1046",854
"1047",801
"1048",810
"1049",796
"1050",850
"1051",1302
"1052",1326
"1053",1363
"1054",1288
"1055",1344
"1056",1297
"1057",1312
"1058",1331
"1059",1322
"1060",1321
"1061",1339
"1062",2378
"1063",2333
"1064",2367
"1065",2356
"1066",2347
"1067",2346
"1068",2334
"1069",1967
"1070",2373
"1071",1997
"1072",1993
"1073",1995
"1074",1364
"1075",2383
"1076",1317
"1077",1367
"1078",1292
"1079",1356
"1080",1341
"1081",1353
"1082",1357
"1083",1336
"1084",1301
"1085",1355
"1086",1306
"1087",1358
"1088",1286
"1089",2353
"1090",2342
"1091",2340
"1092",2385
"1093",2366
"1094",2376
"1095",2384
"1096",2330
"1097",2357
"1098",2362
"1099",2352
"1100",2350
"1101",2372
"1102",1982
"1103",1980
"1104",2338
"1105",1971
"1106",1999
"1107",1986
"1108",1989
"1109",1984
"1110",1985
"1111",1969
"1112",1960
"1113",1983
"1114",1606
"1115",2009
"1116",1968
"1117",1610
"1118",1574
"1119",1607
"1120",1617
"1121",1581
"1122",1592
"1123",1575
"1124",1604
"1125",1573
"1126",1602
"1127",1570
"1128",1577
"1129",1619
"1130",1973
"1131",2000
"1132",1962
"1133",2359
"1134",2381
"1135",2001
"1136",1977
"1137",1957
"1138",1975
"1139",2343
"1140",2394
"1141",2348
"1142",2392
"1143",2382
"1144",2387
"1145",2386
"1146",2355
"1147",2363
"1148",2331
"1149",2365
"1150",2375
"1151",2388
"1152",2360
"1153",2370
"1154",2364
"1155",2329
"1156",2336
"1157",2335
"1158",2389
"1159",2354
"1160",1628
"1161",2339
"1162",2349
"1163",2345
"1164",2358
"1165",2361
"1166",2371
"1167",2390
"1168",2369
"1169",2377
"1170",1347
"1171",815
"1172",839
"1173",1333
"1174",827
"1175",826
"1176",785
"1177",776
"1178",787
"1179",829
"1180",766
"1181",831
"1182",792
"1183",769
"1184",768
"1185",836
"1186",779
"1187",838
"1188",760
"1189",794
"1190",780
"1191",832
"1192",805
"1193",834
"1194",803
"1195",807
"1196",813
"1197",799
"1198",806
"1199",847
"1200",809
"1201",845
"1202",823
"1203",817
"1204",818
"1205",814
"1206",775
"1207",846
"1208",816
"1209",843
"1210",835
"1211",757
"1212",756
"1213",770
"1214",824
"1215",828
"1216",842
"1217",1562
"1218",1487
"1219",1481
"1220",1474
"1221",1538
"1222",1466
"1223",1546
"1224",1503
"1225",1500
"1226",1491
"1227",1542
"1228",1456
"1229",1557
"1230",1469
"1231",1478
"1232",1504
"1233",1455
"1234",1498
"1235",1522
"1236",1509
"1237",86
"1238",1454
"1239",1553
"1240",90
"1241",126
"1242",87
"1243",147
"1244",133
"1245",118
"1246",154
"1247",2098
"1248",2108
"1249",2118
"1250",2146
"1251",2170
"1252",2148
"1253",2128
"1254",2136
"1255",2137
"1256",2165
"1257",99
"1258",148
"1259",139
"1260",131
"1261",146
"1262",106
"1263",124
"1264",157
"1265",140
"1266",97
"1267",135
"1268",108
"1269",112
"1270",109
"1271",145
"1272",142
"1273",105
"1274",153
"1275",155
"1276",94
"1277",151
"1278",127
"1279",85
"1280",1526
"1281",1483
"1282",1563
"1283",1561
"1284",1555
"1285",1471
"1286",1488
"1287",1533
"1288",1479
"1289",1492
"1290",1457
"1291",1529
"1292",1468
"1293",1473
"1294",1497
"1295",959
"1296",900
"1297",915
"1298",908
"1299",860
"1300",873
"1301",865
"1302",2155
"1303",2115
"1304",2150
"1305",2171
"1306",2163
"1307",2169
"1308",2116
"1309",2133
"1310",2149
"1311",2157
"1312",2139
"1313",2134
"1314",2121
"1315",2124
"1316",2099
"1317",2173
"1318",2144
"1319",2103
"1320",2106
"1321",2152
"1322",2105
"1323",2123
"1324",2141
"1325",2122
"1326",2166
"1327",2107
"1328",2140
"1329",2131
"1330",2528
"1331",2114
"1332",2113
"1333",2172
"1334",2135
"1335",2168
"1336",2733
"1337",2501
"1338",2732
"1339",2494
"1340",2130
"1341",2125
"1342",2102
"1343",2162
"1344",2117
"1345",2119
"1346",2174
"1347",2120
"1348",2637
"1349",2101
"1350",2668
"1351",2587
"1352",2700
"1353",2110
"1354",1793
"1355",2545
"1356",2660
"1357",2677
"1358",2606
"1359",2522
"1360",2579
"1361",2686
"1362",2595
"1363",2731
"1364",2126
"1365",2533
"1366",2554
"1367",2585
"1368",2527
"1369",2512
"1370",2495
"1371",2680
"1372",2708
"1373",2524
"1374",1782
"1375",1773
"1376",2592
"1377",2669
"1378",2548
"1379",2674
"1380",1767
"1381",1784
"1382",2498
"1383",2629
"1384",2584
"1385",2566
"1386",2662
"1387",2540
"1388",2588
"1389",2567
"1390",2624
"1391",2552
"1392",2543
"1393",2641
"1394",2599
"1395",2529
"1396",2740
"1397",1775
"1398",2572
"1399",2712
"1400",2642
"1401",2547
"1402",2648
"1403",2491
"1404",2737
"1405",2640
"1406",1764
"1407",1770
"1408",2544
"1409",2604
"1410",1781
"1411",1769
"1412",1789
"1413",1771
"1414",1763
"1415",73
"1416",72
"1417",71
"1418",70
"1419",81
"1420",74
"1421",82
"1422",75
"1423",79
"1424",78
"1425",80
"1426",69
"1427",1774
"1428",1778
"1429",2560
"1430",2678
"1431",2511
"1432",2611
"1433",2684
"1434",2727
"1435",2675
"1436",2541
"1437",2720
"1438",2557
"1439",2654
"1440",2681
"1441",2711
"1442",2542
"1443",2607
"1444",2576
"1445",2506
"1446",2697
"1447",2574
"1448",2621
"1449",2706
"1450",2627
"1451",2593
"1452",2713
"1453",2698
"1454",2704
"1455",2741
"1456",2608
"1457",2738
"1458",2658
"1459",2538
"1460",2580
"1461",2145
"1462",2132
"1463",2147
"1464",2104
"1465",2100
"1466",2112
"1467",2159
"1468",2111
"1469",2160
"1470",2164
"1471",2129
"1472",2158
"1473",2143
"1474",2153
"1475",2151
"1476",2138
"1477",2156
"1478",2154
"1479",872
"1480",864
"1481",879
"1482",917
"1483",904
"1484",921
"1485",957
"1486",958
"1487",855
"1488",856
"1489",870
"1490",891
"1491",862
"1492",863
"1493",918
"1494",885
"1495",935
"1496",929
"1497",910
"1498",924
"1499",884
"1500",877
"1501",953
"1502",943
"1503",897
"1504",898
"1505",906
"1506",1532
"1507",1460
"1508",857
"1509",861
"1510",1694
"1511",920
"1512",913
"1513",1687
"1514",1669
"1515",1686
"1516",1633
"1517",1675
"1518",1698
"1519",1632
"1520",1700
"1521",1650
"1522",1638
"1523",1660
"1524",1621
"1525",1711
"1526",899
"1527",916
"1528",925
"1529",946
"1530",1651
"1531",1662
"1532",928
"1533",936
"1534",880
"1535",937
"1536",927
"1537",947
"1538",930
"1539",878
"1540",903
"1541",871
"1542",2127
"1543",867
"1544",883
"1545",889
"1546",895
"1547",914
"1548",942
"1549",949
"1550",2167
"1551",919
"1552",948
"1553",220
"1554",225
"1555",247
"1556",261
"1557",252
"1558",1766
"1559",228
"1560",1791
"1561",227
"1562",1780
"1563",1787
"1564",1768
"1565",1772
"1566",1788
"1567",1777
"1568",1762
"1569",1794
"1570",1790
"1571",1776
"1572",1792
"1573",1785
"1574",1783
"1575",219
"1576",256
"1577",272
"1578",250
"1579",77
"1580",68
"1581",1765
"1582",1779
"1583",1786
"1584",258
"1585",2762
"1586",233
"1587",273
"1588",259
"1589",255
"1590",268
"1591",257
"1592",239
"1593",231
"1594",262
"1595",243
"1596",271
"1597",269
"1598",217
"1599",244
"1600",267
"1601",229
"1602",221
"1603",266
"1604",892
"1605",901
"1606",888
"1607",882
"1608",896
"1609",909
"1610",248
"1611",277
"1612",260
"1613",278
"1614",251
"1615",222
"1616",240
"1617",241
"1618",245
"1619",270
"1620",235
"1621",265
"1622",242
"1623",224
"1624",249
"1625",275
"1626",226
"1627",246
"1628",263
"1629",238
"1630",230
"1631",276
"1632",237
"1633",234
"1634",223
"1635",232
"1636",216
"1637",218
"1638",236
"1639",253
"1640",279
"1641",264
"1642",274
"1643",254
"1644",1637
"1645",1682
"1646",1627
"1647",1701
"1648",1643
"1649",2379
"1650",2380
"1651",2374
"1652",2337
"1653",3091
"1654",2368
"1655",3088
"1656",1566
"1657",1608
"1658",1616
"1659",1597
"1660",1599
"1661",1578
"1662",1583
"1663",1587
"1664",1594
"1665",1568
"1666",1586
"1667",1589
"1668",1603
"1669",1571
"1670",1614
"1671",1601
"1672",1590
"1673",1585
"1674",1567
"1675",1600
"1676",1572
"1677",1615
"1678",1582
"1679",1579
"1680",1591
"1681",1609
"1682",557
"1683",545
"1684",526
"1685",528
"1686",2945
"1687",2952
"1688",2929
"1689",2951
"1690",522
"1691",546
"1692",2957
"1693",2931
"1694",2926
"1695",2941
"1696",2920
"1697",2930
"1698",2922
"1699",2955
"1700",2932
"1701",2928
"1702",2943
"1703",2923
"1704",2938
"1705",2958
"1706",2939
"1707",2202
"1708",2188
"1709",2949
"1710",2940
"1711",2953
"1712",2946
"1713",2936
"1714",2950
"1715",2948
"1716",2956
"1717",2934
"1718",2947
"1719",2937
"1720",2942
"1721",2935
"1722",2924
"1723",2933
"1724",2927
"1725",2179
"1726",2208
"1727",2925
"1728",2200
"1729",2954
"1730",2944
"1731",2178
"1732",2203
"1733",2210
"1734",2201
"1735",2195
"1736",2176
"1737",2180
"1738",2182
"1739",165
"1740",2191
"1741",2189
"1742",204
"1743",169
"1744",210
"1745",168
"1746",180
"1747",174
"1748",163
"1749",185
"1750",206
"1751",178
"1752",195
"1753",198
"1754",201
"1755",200
"1756",158
"1757",164
"1758",205
"1759",214
"1760",208
"1761",215
"1762",191
"1763",196
"1764",160
"1765",162
"1766",207
"1767",181
"1768",192
"1769",184
"1770",197
"1771",199
"1772",213
"1773",187
"1774",194
"1775",170
"1776",190
"1777",193
"1778",176
"1779",172
"1780",173
"1781",211
"1782",167
"1783",177
"1784",179
"1785",212
"1786",159
"1787",1716
"1788",183
"1789",1718
"1790",171
"1791",1725
"1792",1724
"1793",1714
"1794",1721
"1795",1719
"1796",1717
"1797",1720
"1798",1726
"1799",1723
"1800",1727
"1801",1730
"1802",166
"1803",188
"1804",186
"1805",203
"1806",189
"1807",1728
"1808",175
"1809",161
"1810",209
"1811",202
"1812",182
"1813",2187
"1814",2193
"1815",2192
"1816",2184
"1817",2194
"1818",2198
"1819",2196
"1820",2177
"1821",2190
"1822",2207
"1823",2183
"1824",2181
"1825",2186
"1826",2209
"1827",2185
"1828",2199
"1829",2204
"1830",2205
"1831",2175
"1832",555
"1833",2197
"1834",531
"1835",518
"1836",554
"1837",537
"1838",541
"1839",559
"1840",544
"1841",533
"1842",2745
"1843",523
"1844",529
"1845",543
"1846",534
"1847",550
"1848",539
"1849",3105
"1850",558
"1851",527
"1852",520
"1853",532
"1854",521
"1855",3103
"1856",3097
"1857",2760
"1858",3106
"1859",2765
"1860",2750
"1861",2748
"1862",3104
"1863",2767
"1864",2753
"1865",2747
"1866",2751
"1867",2771
"1868",2752
"1869",2756
"1870",2770
"1871",76
"1872",1715
"1873",1722
"1874",2754
"1875",2744
"1876",2757
"1877",1729
"1878",2766
"1879",2755
"1880",2759
"1881",2764
"1882",2763
"1883",2769
"1884",2768
"1885",2758
"1886",2761
"1887",2749
"1888",2772
"1889",2746
"1890",538
"1891",553
"1892",556
"1893",551
"1894",549
"1895",524
"1896",530
"1897",536
"1898",525
"1899",540
"1900",561
"1901",560
"1902",519
"1903",2206
"1904",2921
"1905",552
"1906",548
"1907",542
"1908",535
"1909",1595
"1910",1588
"1911",1596
"1912",1584
"1913",1605
"1914",1576
"1915",1611
"1916",547
"1917",1565
"1918",1593
"1919",1580
"1920",1598
"1921",1613
"1922",1618
"1923",1612
"1924",1569
"1925",1620
"1926",3102
"1927",3087
"1928",3100
"1929",3094
"1930",3092
"1931",3107
"1932",3095
"1933",3108
"1934",2344
"1935",2351
"1936",3099
"1937",1703
"1938",3090
"1939",3101
"1940",3098
"1941",3089
"1942",3086
"1943",3096
"1944",3093
"1945",1699
"1946",1624
"1947",1673
"1948",1645
"1949",1671
"1950",1688
"1951",1635
"1952",1649
"1953",866
"1954",945
"1955",954
"1956",890
"1957",956
"1958",940
"1959",905
"1960",922
"1961",952
"1962",887
"1963",923
"1964",874
"1965",944
"1966",886
"1967",951
"1968",931
"1969",1664
"1970",1663
"1971",1693
"1972",1652
"1973",1653
"1974",1657
"1975",1644
"1976",1689
"1977",1630
"1978",1670
"1979",1685
"1980",955
"1981",868
"1982",875
"1983",912
"1984",894
"1985",941
"1986",950
"1987",893
"1988",858
"1989",902
"1990",932
"1991",911
"1992",939
"1993",934
"1994",881
"1995",859
"1996",938
"1997",907
"1998",926
"1999",869
"2000",933
"2001",1705
"2002",1668
"2003",1654
"2004",1696
"2005",1713
"2006",1661
"2007",1681
"2008",1667
"2009",1702
"2010",1708
"2011",1641
"2012",1677
"2013",1676
"2014",1679
"2015",1623
"2016",1655
"2017",1658
"2018",1666
"2019",1636
"2020",1706
"2021",1625
"2022",1678
"2023",1656
"2024",1629
"2025",1672
"2026",1695
"2027",1665
"2028",1712
"2029",1659
"2030",1683
"2031",1692
"2032",1691
"2033",1626
"2034",1622
"2035",1680
"2036",1704
"2037",1639
"2038",1647
"2039",1631
"2040",1640
"2041",1707
"2042",1710
"2043",1690
"2044",1634
"2045",1674
"2046",2332
"2047",2393
"2048",2341
"2049",2391
"2050",1646
"2051",1642
"2052",852
"2053",830
"2054",773
"2055",802
"2056",822
"2057",798
"2058",1709
"2059",1648
"2060",1697
"2061",833
"2062",820
"2063",791
"2064",1684
"2065",1452
"2066",1523
"2067",876
"2068",1493
"2069",1451
"2070",1462
"2071",1480
"2072",1508
"2073",1489
"2074",1490
"2075",1514
"2076",782
"2077",848
"2078",759
"2079",1535
"2080",1554
"2081",1507
"2082",1470
"2083",1510
"2084",781
"2085",1547
"2086",1450
"2087",1501
"2088",1551
"2089",1505
"2090",1513
"2091",1518
"2092",1453
"2093",1536
"2094",1531
"2095",568
"2096",1506
"2097",1519
"2098",1558
"2099",1525
"2100",1475
"2101",1463
"2102",1459
"2103",1537
"2104",1494
"2105",1476
"2106",1517
"2107",1520
"2108",1464
"2109",1515
"2110",1502
"2111",1534
"2112",1512
"2113",1530
"2114",1486
"2115",1485
"2116",1541
"2117",1545
"2118",628
"2119",640
"2120",600
"2121",652
"2122",638
"2123",563
"2124",1465
"2125",1528
"2126",1543
"2127",1544
"2128",1499
"2129",1559
"2130",1477
"2131",1482
"2132",1556
"2133",1550
"2134",1496
"2135",1539
"2136",1511
"2137",1458
"2138",1549
"2139",1516
"2140",963
"2141",979
"2142",997
"2143",2442
"2144",1521
"2145",1552
"2146",1461
"2147",1560
"2148",1467
"2149",1540
"2150",143
"2151",1524
"2152",1495
"2153",107
"2154",115
"2155",114
"2156",150
"2157",120
"2158",93
"2159",110
"2160",98
"2161",138
"2162",116
"2163",101
"2164",144
"2165",121
"2166",1439
"2167",156
"2168",141
"2169",125
"2170",117
"2171",83
"2172",130
"2173",136
"2174",1381
"2175",1427
"2176",1435
"2177",1421
"2178",1436
"2179",1384
"2180",100
"2181",2473
"2182",2478
"2183",129
"2184",1484
"2185",1527
"2186",2417
"2187",2443
"2188",2432
"2189",2411
"2190",2421
"2191",2486
"2192",2460
"2193",1012
"2194",1001
"2195",1032
"2196",1029
"2197",1038
"2198",977
"2199",2434
"2200",2403
"2201",2433
"2202",2451
"2203",2406
"2204",2449
"2205",1369
"2206",2429
"2207",2418
"2208",1372
"2209",1414
"2210",1403
"2211",1425
"2212",1376
"2213",1445
"2214",1416
"2215",1375
"2216",1393
"2217",1412
"2218",1449
"2219",1395
"2220",1097
"2221",1141
"2222",84
"2223",1113
"2224",88
"2225",89
"2226",134
"2227",132
"2228",111
"2229",96
"2230",119
"2231",128
"2232",2591
"2233",2647
"2234",2523
"2235",2661
"2236",2672
"2237",2699
"2238",1122
"2239",2691
"2240",2692
"2241",2492
"2242",2663
"2243",2690
"2244",2581
"2245",2719
"2246",2521
"2247",2739
"2248",2701
"2249",2526
"2250",2490
"2251",2570
"2252",2644
"2253",2539
"2254",2503
"2255",2655
"2256",2562
"2257",2636
"2258",2687
"2259",2646
"2260",2725
"2261",2510
"2262",2515
"2263",2633
"2264",2500
"2265",2517
"2266",2735
"2267",2716
"2268",2594
"2269",2505
"2270",2575
"2271",2622
"2272",2558
"2273",2682
"2274",2722
"2275",2625
"2276",2721
"2277",2499
"2278",2652
"2279",2619
"2280",2504
"2281",2535
"2282",2583
"2283",2736
"2284",2617
"2285",2496
"2286",2571
"2287",2743
"2288",2651
"2289",2553
"2290",2631
"2291",2645
"2292",2638
"2293",2502
"2294",2694
"2295",2667
"2296",2626
"2297",2620
"2298",2520
"2299",2734
"2300",2597
"2301",2703
"2302",2513
"2303",2613
"2304",2742
"2305",2729
"2306",2555
"2307",2614
"2308",2493
"2309",2685
"2310",2577
"2311",2724
"2312",2518
"2313",2609
"2314",2650
"2315",2730
"2316",2578
"2317",2551
"2318",2632
"2319",2564
"2320",2728
"2321",2534
"2322",2497
"2323",2568
"2324",2726
"2325",2582
"2326",2659
"2327",2590
"2328",2693
"2329",2635
"2330",2509
"2331",2573
"2332",2525
"2333",2612
"2334",2670
"2335",2589
"2336",2610
"2337",2665
"2338",2718
"2339",2676
"2340",2717
"2341",2602
"2342",2634
"2343",2596
"2344",2723
"2345",2679
"2346",2618
"2347",2664
"2348",2559
"2349",2615
"2350",2598
"2351",2507
"2352",2702
"2353",2586
"2354",2536
"2355",2656
"2356",2630
"2357",2516
"2358",2639
"2359",2695
"2360",2643
"2361",2649
"2362",2623
"2363",2653
"2364",2707
"2365",2696
"2366",2537
"2367",2514
"2368",2531
"2369",2710
"2370",2689
"2371",2715
"2372",2530
"2373",2705
"2374",2603
"2375",2657
"2376",2666
"2377",2565
"2378",2616
"2379",2519
"2380",2556
"2381",2561
"2382",2600
"2383",2671
"2384",2673
"2385",2709
"2386",2550
"2387",2546
"2388",2688
"2389",2532
"2390",2605
"2391",2601
"2392",2549
"2393",2563
"2394",2628
"2395",2109
"2396",2161
"2397",2142
"2398",2683
"2399",2569
"2400",2714
"2401",2508
"2402",123
"2403",149
"2404",113
"2405",137
"2406",92
"2407",102
"2408",152
"2409",1135
"2410",1116
"2411",1121
"2412",1112
"2413",1100
"2414",1133
"2415",1399
"2416",1092
"2417",1109
"2418",1090
"2419",1104
"2420",1110
"2421",1093
"2422",1139
"2423",1087
"2424",1088
"2425",1095
"2426",1120
"2427",1086
"2428",1114
"2429",1143
"2430",1101
"2431",1119
"2432",1084
"2433",1094
"2434",1368
"2435",1386
"2436",1370
"2437",1098
"2438",1446
"2439",1142
"2440",1118
"2441",1099
"2442",1081
"2443",1137
"2444",1085
"2445",1089
"2446",1091
"2447",1106
"2448",1080
"2449",1136
"2450",1107
"2451",1128
"2452",1140
"2453",1129
"2454",1102
"2455",1130
"2456",1083
"2457",1103
"2458",1096
"2459",1082
"2460",1126
"2461",1124
"2462",1131
"2463",1115
"2464",1123
"2465",1117
"2466",1105
"2467",1108
"2468",1134
"2469",1127
"2470",1111
"2471",1125
"2472",1132
"2473",1424
"2474",1441
"2475",1138
"2476",1413
"2477",1404
"2478",1385
"2479",1423
"2480",1433
"2481",1422
"2482",1390
"2483",1391
"2484",1397
"2485",49
"2486",1387
"2487",1388
"2488",65
"2489",13
"2490",1444
"2491",1401
"2492",1383
"2493",1400
"2494",1431
"2495",1406
"2496",1410
"2497",1382
"2498",1378
"2499",1442
"2500",1392
"2501",1430
"2502",1394
"2503",1409
"2504",1434
"2505",1443
"2506",91
"2507",104
"2508",95
"2509",122
"2510",103
"2511",1373
"2512",1389
"2513",1448
"2514",1374
"2515",1377
"2516",1371
"2517",1407
"2518",1428
"2519",1432
"2520",1398
"2521",1379
"2522",12
"2523",1405
"2524",60
"2525",1402
"2526",1429
"2527",1418
"2528",1417
"2529",1447
"2530",1420
"2531",1411
"2532",1380
"2533",1419
"2534",54
"2535",29
"2536",64
"2537",67
"2538",47
"2539",38
"2540",1415
"2541",1408
"2542",1396
"2543",1440
"2544",1437
"2545",1426
"2546",1438
"2547",2430
"2548",2414
"2549",2462
"2550",2485
"2551",17
"2552",30
"2553",40
"2554",39
"2555",2444
"2556",2445
"2557",2435
"2558",2397
"2559",2437
"2560",2436
"2561",2475
"2562",1070
"2563",1031
"2564",976
"2565",987
"2566",1072
"2567",1076
"2568",1013
"2569",1010
"2570",750
"2571",725
"2572",676
"2573",722
"2574",710
"2575",699
"2576",751
"2577",694
"2578",685
"2579",673
"2580",735
"2581",703
"2582",1071
"2583",702
"2584",980
"2585",741
"2586",721
"2587",732
"2588",679
"2589",666
"2590",670
"2591",716
"2592",693
"2593",712
"2594",692
"2595",743
"2596",697
"2597",711
"2598",696
"2599",681
"2600",690
"2601",668
"2602",701
"2603",2063
"2604",2090
"2605",2072
"2606",2029
"2607",2095
"2608",1209
"2609",739
"2610",680
"2611",665
"2612",1227
"2613",1243
"2614",2035
"2615",2044
"2616",2078
"2617",664
"2618",753
"2619",698
"2620",755
"2621",720
"2622",707
"2623",1272
"2624",1210
"2625",1235
"2626",1278
"2627",1244
"2628",1230
"2629",1279
"2630",1260
"2631",1247
"2632",1271
"2633",1241
"2634",1273
"2635",1229
"2636",1276
"2637",1222
"2638",1275
"2639",1216
"2640",1220
"2641",1205
"2642",1236
"2643",1200
"2644",1238
"2645",1231
"2646",1256
"2647",1259
"2648",1251
"2649",1234
"2650",1226
"2651",1270
"2652",1253
"2653",1206
"2654",1203
"2655",1232
"2656",1198
"2657",1201
"2658",1265
"2659",1257
"2660",1266
"2661",1268
"2662",1213
"2663",1221
"2664",1212
"2665",1202
"2666",1242
"2667",1207
"2668",1225
"2669",1237
"2670",1217
"2671",1269
"2672",1262
"2673",1223
"2674",1215
"2675",1254
"2676",1264
"2677",1240
"2678",1280
"2679",1248
"2680",1250
"2681",1261
"2682",1258
"2683",1267
"2684",1277
"2685",1211
"2686",683
"2687",706
"2688",748
"2689",715
"2690",729
"2691",738
"2692",700
"2693",719
"2694",599
"2695",607
"2696",708
"2697",727
"2698",709
"2699",1208
"2700",734
"2701",713
"2702",688
"2703",672
"2704",754
"2705",671
"2706",675
"2707",669
"2708",695
"2709",730
"2710",724
"2711",717
"2712",686
"2713",742
"2714",667
"2715",749
"2716",653
"2717",746
"2718",584
"2719",747
"2720",674
"2721",691
"2722",723
"2723",718
"2724",704
"2725",736
"2726",733
"2727",684
"2728",744
"2729",2077
"2730",2066
"2731",2092
"2732",2045
"2733",2023
"2734",2033
"2735",2038
"2736",2021
"2737",2058
"2738",2089
"2739",2020
"2740",2064
"2741",2084
"2742",2055
"2743",2042
"2744",2011
"2745",2015
"2746",2028
"2747",731
"2748",752
"2749",687
"2750",678
"2751",967
"2752",1018
"2753",2040
"2754",2018
"2755",2022
"2756",978
"2757",998
"2758",1000
"2759",1055
"2760",971
"2761",2017
"2762",1040
"2763",968
"2764",984
"2765",1058
"2766",992
"2767",1014
"2768",1022
"2769",985
"2770",1020
"2771",966
"2772",2407
"2773",2481
"2774",2423
"2775",2439
"2776",2472
"2777",2409
"2778",2426
"2779",1025
"2780",1056
"2781",1026
"2782",1007
"2783",2838
"2784",2428
"2785",2431
"2786",2424
"2787",1914
"2788",1956
"2789",1917
"2790",1862
"2791",1870
"2792",1955
"2793",2860
"2794",2821
"2795",2910
"2796",2846
"2797",3003
"2798",2990
"2799",2809
"2800",2971
"2801",2789
"2802",2888
"2803",2798
"2804",2913
"2805",2912
"2806",2863
"2807",2819
"2808",2903
"2809",2830
"2810",2817
"2811",2854
"2812",1941
"2813",1890
"2814",1886
"2815",1936
"2816",1885
"2817",1932
"2818",1875
"2819",1909
"2820",1899
"2821",1938
"2822",1865
"2823",1882
"2824",1903
"2825",1939
"2826",1934
"2827",2299
"2828",1880
"2829",1927
"2830",1921
"2831",1866
"2832",2308
"2833",2316
"2834",2303
"2835",2304
"2836",2327
"2837",2290
"2838",2296
"2839",2325
"2840",2313
"2841",2298
"2842",2317
"2843",2295
"2844",1860
"2845",1933
"2846",1919
"2847",1918
"2848",1940
"2849",1869
"2850",1916
"2851",1946
"2852",2311
"2853",2310
"2854",2322
"2855",2314
"2856",2302
"2857",2294
"2858",2328
"2859",1892
"2860",1911
"2861",1874
"2862",1905
"2863",1858
"2864",1953
"2865",1859
"2866",1942
"2867",2804
"2868",2895
"2869",2880
"2870",2986
"2871",2797
"2872",2968
"2873",2999
"2874",3013
"2875",2982
"2876",2875
"2877",2869
"2878",2824
"2879",1951
"2880",1861
"2881",2440
"2882",2480
"2883",2484
"2884",2867
"2885",2906
"2886",2879
"2887",2476
"2888",2404
"2889",2883
"2890",2877
"2891",2866
"2892",2800
"2893",2812
"2894",1057
"2895",1019
"2896",1024
"2897",1054
"2898",1078
"2899",972
"2900",1036
"2901",1017
"2902",995
"2903",1039
"2904",2988
"2905",2981
"2906",2961
"2907",3008
"2908",2980
"2909",2998
"2910",2978
"2911",3002
"2912",2965
"2913",2966
"2914",2992
"2915",2962
"2916",3009
"2917",2969
"2918",3001
"2919",2967
"2920",2979
"2921",3007
"2922",2975
"2923",3004
"2924",2959
"2925",3000
"2926",3005
"2927",2970
"2928",2974
"2929",2876
"2930",2820
"2931",2919
"2932",2972
"2933",1160
"2934",2991
"2935",2960
"2936",2215
"2937",2239
"2938",2238
"2939",1180
"2940",2977
"2941",2808
"2942",2816
"2943",2839
"2944",1174
"2945",1172
"2946",1169
"2947",2266
"2948",2275
"2949",2221
"2950",2242
"2951",2213
"2952",2226
"2953",2272
"2954",2237
"2955",2234
"2956",2252
"2957",1799
"2958",1796
"2959",2263
"2960",2222
"2961",2243
"2962",2227
"2963",2217
"2964",2241
"2965",2224
"2966",2228
"2967",2254
"2968",2244
"2969",2260
"2970",2231
"2971",2211
"2972",1165
"2973",1162
"2974",1176
"2975",1179
"2976",1168
"2977",1181
"2978",1182
"2979",2787
"2980",1178
"2981",290
"2982",1164
"2983",288
"2984",1173
"2985",2277
"2986",2246
"2987",2225
"2988",2261
"2989",2233
"2990",2256
"2991",2219
"2992",1750
"2993",1758
"2994",2216
"2995",2249
"2996",2258
"2997",2223
"2998",2264
"2999",2248
"3000",2232
"3001",2259
"3002",2265
"3003",2270
"3004",2251
"3005",2257
"3006",2229
"3007",2250
"3008",2276
"3009",2267
"3010",2218
"3011",1848
"3012",1802
"3013",1843
"3014",2269
"3015",1845
"3016",1856
"3017",1822
"3018",1831
"3019",1826
"3020",1809
"3021",1813
"3022",1855
"3023",1820
"3024",1829
"3025",1853
"3026",1844
"3027",1800
"3028",1828
"3029",1832
"3030",1817
"3031",1819
"3032",1827
"3033",1816
"3034",1833
"3035",1821
"3036",1806
"3037",1849
"3038",1803
"3039",1798
"3040",2268
"3041",2245
"3042",2274
"3043",1807
"3044",1847
"3045",2255
"3046",1761
"3047",2262
"3048",1759
"3049",1754
"3050",1760
"3051",1747
"3052",1742
"3053",1756
"3054",1838
"3055",1830
"3056",1834
"3057",1850
"3058",1808
"3059",282
"3060",1805
"3061",1185
"3062",1189
"3063",1191
"3064",1190
"3065",281
"3066",286
"3067",287
"3068",2281
"3069",1194
"3070",1197
"3071",1192
"3072",1738
"3073",1736
"3074",1733
"3075",2785
"3076",2774
"3077",1836
"3078",1795
"3079",1841
"3080",1814
"3081",1842
"3082",1823
"3083",1812
"3084",1840
"3085",1815
"3086",1851
"3087",1852
"3088",2783
"3089",2786
"3090",1740
"3091",1737
"3092",1735
"3093",2781
"3094",2773
"3095",2784
"3096",2780
"3097",2776
"3098",1810
"3099",1839
"3100",1811
"3101",1804
"3102",2779
"3103",2778
"3104",2782
"3105",2777
"3106",1147
"3107",1156
"3108",1154
